feather1;0000000000000001;0000000000000001;00000000000000000000000000000000
feather2;0000000000000002;0000000000000001;00000000000000000000000000000000
feather3;0000000000000003;0000000000000001;00000000000000000000000000000000
feather4;0000000000000004;0000000000000001;00000000000000000000000000000000
feather5;0000000000000005;0000000000000001;00000000000000000000000000000000
feather6;0000000000000006;0000000000000001;00000000000000000000000000000000
feather7;0000000000000007;0000000000000001;00000000000000000000000000000000
feather8;0000000000000008;0000000000000001;00000000000000000000000000000000
feather9;0000000000000009;0000000000000001;00000000000000000000000000000000
feather10;123459762B53C203;12345949000000C2;432D048F9973CA740E4173FF8C84CBAD
feather11;123459762B6BC204;12345949000000C2;B5B877CA6AA03576E39408F47AC5C1EB
feather12;123459496E44C201;12345949000000C2;45B04A4CD8EF57685650EF9213C11C55
feather13;123459496E53C202;12345949000000C2;EF3C70906A732F50EF502815A1916F11
feather301;123459C3F77EC301;12345949000000C3;F9005888E8E1CB72C41D1D50F04D3141
feather302;123459C3F769C302;12345949000000C3;C9E1236A5649A22BC6C986479BFD9326
feather303;123459C3F794C303;12345949000000C3;FF7EE5A43459BEF15F7A283EAFF77DE1
feather304;123459C3F79EC304;12345949000000C3;85F25967FFC88EA4483444B0BAD683B4
feather305;123459C3F7A8C305;12345949000000C3;CB8CCC187115E73892AC01C882472D9E
feather306;123459C3F7BCC306;12345949000000C3;BF4D85DB71FE97652CD53AF344E98956
feather307;123459C3F7C7C307;12345949000000C3;B709C6DD5643E53393B67F7413C123CD
feather308;123459C3F7D2C308;12345949000000C3;98DCE12DB877A06E44B7E67EDD49E873
feather309;123459C3F7E5C309;12345949000000C3;6C9CF4FC866F6A4F913EBDE32C90D5CD
feather310;123459C3F7FEC310;12345949000000C3;552B791DCE6C1C9F61592DF800B8C7F3
feather311;123459C515B4C311;12345949000000C3;6CD40EB26BA8D135CDFC555CBFBAA108